id,name,model_id:id,group_id:id,perm_read,perm_write,perm_create,perm_unlink
access_support_request_manager,ministry.support.request manager,model_ministry_support_request,kaz_ai_ministry_branding.group_ministry_manager,1,1,1,1
access_support_request_tech,ministry.support.request tech,model_ministry_support_request,kaz_ai_ministry_branding.group_ministry_officer_technical,1,1,0,0
access_support_request_finance,ministry.support.request finance,model_ministry_support_request,kaz_ai_ministry_branding.group_ministry_officer_financial,1,1,0,0
access_support_request_head,ministry.support.request head,model_ministry_support_request,kaz_ai_ministry_branding.group_ministry_dept_head,1,1,0,0
access_support_request_analyst,ministry.support.request analyst,model_ministry_support_request,kaz_ai_ministry_branding.group_ministry_analyst,1,0,0,0
access_support_request_portal,ministry.support.request portal,model_ministry_support_request,kaz_ai_ministry_branding.group_ministry_portal,1,1,1,0
access_pending_deduction_manager,ministry.pending.deduction manager,model_ministry_pending_deduction,kaz_ai_ministry_branding.group_ministry_manager,1,1,1,1
access_pending_deduction_finance,ministry.pending.deduction finance,model_ministry_pending_deduction,kaz_ai_ministry_branding.group_ministry_officer_financial,1,1,0,0
access_pending_deduction_legal,ministry.pending.deduction legal,model_ministry_pending_deduction,kaz_ai_ministry_branding.group_ministry_legal_officer,1,1,1,0
